date,ticker_id,action,price,shares,cash_balance,portfolio_value
2023-12-26,VCYT,BUY,28.54,116.79514132212101,6666.666666666666,10000.0
2023-12-26,TMO,BUY,526.8,6.327512022272844,3333.333333333332,10000.0
2023-12-26,AFRM,BUY,50.04,66.61337596589392,0.0,10000.0
2024-01-03,AFRM,SELL_SL,43.49,66.61337596589392,2897.0157207567268,9260.286566472385
2024-01-03,BSX,BUY,57.6,16.765137272897725,1931.3438138378178,9260.286566472387
2024-01-03,T,BUY,15.53,62.18106290527424,965.6719069189089,9260.286566472387
2024-01-03,TRV,BUY,185.6,5.2029736364165355,0.0,9260.286566472385
2024-01-04,VCYT,SELL_SL,25.54,116.79514132212101,2982.9479093669706,9272.89635215241
2024-01-04,DUK,BUY,91.32,32.66478218754896,0.0,9272.89635215241
2024-01-10,TMO,SELL_MAX_DAYS,540.95,6.327512022272844,3422.867628448495,9363.103298677157
2024-01-12,BSX,SELL_TP,59.94,16.765137272897725,4427.769956585985,9336.158808216154
2024-01-18,T,SELL_MAX_DAYS,15.02,62.18106290527424,5361.729521423204,9266.235608844552
2024-01-18,TRV,SELL_MAX_DAYS,192.44,5.2029736364165355,6362.989768015202,9266.235608844552
2024-01-19,DUK,SELL_MAX_DAYS,88.61,32.66478218754896,9257.416117653915,9257.416117653915
2024-01-31,HII,BUY,248.8,7.441652827696072,7405.9328941231315,9257.416117653915
2024-01-31,JPM,BUY,167.79,11.034526631687127,5554.449670592348,9257.416117653915
2024-01-31,WCN,BUY,153.45,12.065710156603343,3702.9664470615653,9257.416117653913
2024-01-31,AXP,BUY,196.88,9.404120395828844,1851.4832235307824,9257.416117653915
2024-01-31,CSX,BUY,34.79,53.218833674354194,0.0,9257.416117653915
2024-02-07,HII,SELL_TP,264.0,7.441652827696072,1964.596346511763,9546.14663139619
2024-02-07,AXP,SELL_TP,205.06,9.404120395828844,3893.0052748804255,9546.14663139619
2024-02-07,AMAT,BUY,168.22,11.57117249696952,1946.5026374402128,9546.146631396192
2024-02-07,GLBE,BUY,39.59,49.16652279465048,0.0,9546.146631396192
2024-02-09,AMAT,SELL_TP,182.93,11.57117249696952,2116.7145848706346,9826.643421355544
2024-02-09,GLBE,SELL_TP,42.09,49.16652279465048,4186.133529297474,9826.643421355544
2024-02-09,HD,BUY,348.08,6.0131773289150106,2093.066764648737,9826.643421355544
2024-02-09,TGT,BUY,136.3,15.356322557951113,0.0,9826.643421355544
2024-02-14,JPM,SELL_MAX_DAYS,169.4,11.034526631687127,1869.2488114077994,9881.811410704793
2024-02-14,WCN,SELL_TP,162.21,12.065710156603343,3826.427655910428,9881.811410704793
2024-02-14,CSX,SELL_MAX_DAYS,36.06,53.218833674354194,5745.49879820764,9881.811410704793
2024-02-14,DD,BUY,27.32,70.10125424850708,3830.3325321384264,9881.811410704791
2024-02-14,SPR,BUY,29.79,64.28889782038313,1915.166266069213,9881.811410704793
2024-02-14,QCOM,BUY,148.41,12.90456348001626,0.0,9881.811410704793
2024-02-23,TGT,SELL_TP,141.94,15.356322557951113,2179.676423875581,10111.661786460609
2024-02-23,KLAC,BUY,658.77,3.308706261480609,0.0,10111.661786460609
2024-02-26,HD,SELL_MAX_DAYS,356.18,6.0131773289150106,2141.7735010129486,10128.06159816629
2024-02-26,GD,BUY,263.62,8.124472729735789,0.0,10128.06159816629
2024-02-29,DD,SELL_MAX_DAYS,28.09,70.10125424850708,1969.1442318405636,10148.091393639541
2024-02-29,SPR,SELL_MAX_DAYS,28.6,64.28889782038313,3807.8067095035212,10148.091393639541
2024-02-29,QCOM,SELL_MAX_DAYS,152.9,12.90456348001626,5780.914465598007,10148.091393639541
2024-02-29,CL,BUY,83.15,23.17464207495693,3853.9429770653383,10148.091393639541
2024-02-29,CRWD,BUY,324.15,5.944690694223875,1926.9714885326691,10148.091393639541
2024-02-29,UPS,BUY,133.83,14.39865118831853,0.0,10148.091393639541
2024-03-01,KLAC,SELL_TP,706.79,3.308706261480609,2338.5604985518794,10192.740220917925
2024-03-01,PYPL,BUY,60.54,38.62835313101882,0.0,10192.740220917925
2024-03-11,GD,SELL_MAX_DAYS,263.86,8.124472729735789,2143.7233744680852,10325.277097938711
2024-03-11,UPS,SELL_TP,139.68,14.39865118831853,4154.926972452417,10325.277097938711
2024-03-11,PGR,BUY,192.54,10.789776078873007,2077.4634862262087,10325.277097938711
2024-03-11,SMR,BUY,5.48,379.0991763186512,0.0,10325.277097938711
2024-03-12,SMR,SELL_TP,6.27,379.0991763186512,2376.951835517943,10730.786550410498
2024-03-12,BIIB,BUY,227.36,10.45457352004725,0.0,10730.786550410498
2024-03-14,CL,SELL_MAX_DAYS,84.91,23.17464207495693,1967.758858584593,10782.37261966873
2024-03-14,CRWD,SELL_MAX_DAYS,328.59,5.944690694223875,3921.1247737996164,10782.372619668731
2024-03-14,PYPL,SELL_TP,63.0,38.62835313101882,6354.711021053802,10782.372619668731
2024-03-14,PFE,BUY,25.09,84.42554830681284,4236.474014035868,10782.372619668731
2024-03-14,CPAY,BUY,295.9,7.1586245590332345,2118.237007017934,10782.372619668731
2024-03-14,EMN,BUY,86.18,24.57921799742323,0.0,10782.372619668731
2024-03-15,PGR,SELL_TP,200.51,10.789776078873007,2163.4580015748265,10820.06455025003
2024-03-15,DD,BUY,29.81,72.57490780190629,0.0,10820.06455025003
2024-03-21,EMN,SELL_TP,90.2,24.57921799742323,2217.0454633675754,11008.861424601546
2024-03-21,HII,BUY,283.73,7.813926843716122,0.0,11008.861424601546
2024-03-26,BIIB,SELL_MAX_DAYS,212.02,10.45457352004725,2216.578677720418,10884.089132342486
2024-03-27,DD,SELL_TP,31.06,72.57490780190629,4470.7553140476275,10935.400575285246
2024-03-28,PFE,SELL_MAX_DAYS,24.75,84.42554830681284,6560.287634641245,10967.457973564891
2024-03-28,CPAY,SELL_TP,308.54,7.1586245590332345,8769.00965608536,10967.457973564891
2024-03-28,AZN,BUY,65.93,33.25121210407007,6576.75724206402,10967.457973564891
2024-03-28,LYB,BUY,91.71,23.904180722073274,4384.50482804268,10967.457973564891
2024-03-28,HLT,BUY,212.51,10.31599648967738,2192.25241402134,10967.457973564891
2024-03-28,XYZ,BUY,84.58,25.919276590462758,0.0,10967.457973564891
2024-04-04,XYZ,SELL_SL,74.73,25.919276590462758,1936.947539605282,10658.153825109517
2024-04-05,HII,SELL_MAX_DAYS,276.15,7.813926843716122,4094.7634374974887,10698.814438520392
2024-04-12,AZN,SELL_MAX_DAYS,67.08,33.25121210407007,6325.254745438509,10609.35892111184
2024-04-12,LYB,SELL_MAX_DAYS,91.04,23.904180722073274,8501.49135837606,10609.35892111184
2024-04-12,HLT,SELL_MAX_DAYS,204.33,10.31599648967738,10609.35892111184,10609.35892111184
2024-05-09,WCN,BUY,164.76,12.878561448302792,8487.487136889471,10609.358921111838
2024-05-09,ROKU,BUY,60.24,35.22363519625444,6365.615352667103,10609.358921111838
2024-05-09,NOV,BUY,18.23,116.39450270007502,4243.7435684447355,10609.358921111838
2024-05-09,PEP,BUY,168.81,12.569585831540595,2121.8717842223678,10609.358921111838
2024-05-09,TMO,BUY,575.14,3.6893135310052645,0.0,10609.358921111838
2024-05-23,WCN,SELL_MAX_DAYS,163.2,12.878561448302792,2101.7812283630155,10389.606271303719
2024-05-23,ROKU,SELL_MAX_DAYS,56.2,35.22363519625444,4081.349526392515,10389.606271303717
2024-05-23,NOV,SELL_MAX_DAYS,17.39,116.39450270007502,6105.449928346819,10389.606271303717
2024-05-23,PEP,SELL_MAX_DAYS,169.95,12.569585831540595,8241.651040417142,10389.606271303717
2024-05-23,TMO,SELL_MAX_DAYS,582.21,3.6893135310052645,10389.606271303717,10389.606271303717
2024-05-23,ETN,BUY,332.98,7.800473205075167,7792.204703477788,10389.606271303717
2024-05-23,CDNS,BUY,294.69,8.814013260802637,5194.803135651859,10389.606271303717
2024-05-23,WMT,BUY,64.03,40.565384473308285,2597.4015678259293,10389.606271303717
2024-05-23,LLY,BUY,800.02,3.246670793012586,0.0,10389.606271303717
2024-06-07,ETN,SELL_MAX_DAYS,309.77,7.800473205075167,2416.3525847361343,10381.430486941761
2024-06-07,CDNS,SELL_MAX_DAYS,294.42,8.814013260802637,5011.374368981647,10381.430486941761
2024-06-07,WMT,SELL_MAX_DAYS,65.06,40.565384473308285,7650.558282815085,10381.430486941761
2024-06-07,LLY,SELL_TP,841.13,3.246670793012586,10381.430486941761,10381.430486941761
2024-07-11,LLY,BUY,924.4,2.2460905423932847,8305.144389553408,10381.430486941761
2024-07-11,ARGX,BUY,461.72,4.49685111623571,6228.858292165056,10381.430486941761
2024-07-11,AXP,BUY,235.59,8.813133398651692,4152.572194776703,10381.43048694176
2024-07-11,MELI,BUY,1708.65,1.2151617343448642,2076.286097388351,10381.43048694176
2024-07-11,UPS,BUY,126.17,16.45625820233297,0.0,10381.43048694176
2024-07-15,UPS,SELL_TP,131.56,16.45625820233297,2164.985329098926,10595.989234854322
2024-07-15,TJX,BUY,111.68,19.385613620155137,0.0,10595.989234854322
2024-07-16,AXP,SELL_TP,246.33,8.813133398651692,2170.9391500898714,10664.07066424694
2024-07-16,ABBV,BUY,162.19,13.385160306368281,0.0,10664.07066424694
2024-07-24,ABBV,SELL_TP,168.91,13.385160306368281,2260.8874273486663,10372.557460772245
2024-07-24,WELL,BUY,106.52,21.225004011910123,0.0,10372.557460772245
2024-07-25,LLY,SELL_SL,812.63,2.2460905423932847,1825.240557465055,10342.755077795662
2024-07-25,ARGX,SELL_TP,486.33,4.49685111623571,4012.1941608239676,10342.755077795662
2024-07-25,MELI,SELL_MAX_DAYS,1625.15,1.2151617343448642,5987.014253394524,10342.755077795662
2024-07-25,MANU,BUY,17.09,116.7742198828657,3991.342835596349,10342.75507779566
2024-07-25,GD,BUY,283.76,7.032955377072789,1995.6714177981742,10342.75507779566
2024-07-25,ONC,BUY,163.27,12.223136018853275,0.0,10342.755077795662
2024-07-29,TJX,SELL_MAX_DAYS,110.46,19.385613620155137,2141.3348804823363,10390.284321038882
2024-07-29,GE,BUY,168.58,12.702188162785243,0.0,10390.284321038882
2024-08-06,WELL,SELL_TP,111.78,21.225004011910123,2372.5309484513136,10424.033563779321
2024-08-06,ONC,SELL_TP,171.32,12.223136018853275,4466.598611201256,10424.033563779321
2024-08-08,MANU,SELL_MAX_DAYS,16.99,116.7742198828657,6450.592607011144,10532.602717395199
2024-08-08,GD,SELL_MAX_DAYS,283.58,7.032955377072789,8444.998092841444,10532.602717395199
2024-08-12,GE,SELL_MAX_DAYS,165.6,12.702188162785243,10548.48045259868,10548.48045259868
2024-08-20,ZBRA,BUY,344.85,6.117721010641542,8438.784362078944,10548.48045259868
2024-08-20,PATH,BUY,12.09,174.4992630702842,6329.088271559209,10548.48045259868
2024-08-20,F,BUY,9.81,215.0556667196469,4219.392181039473,10548.480452598682
2024-08-20,AFRM,BUY,29.29,72.02786242812346,2109.696090519737,10548.480452598682
2024-08-20,UPS,BUY,119.13,17.70919239922552,9.094947017729282e-13,10548.48045259868
2024-08-23,F,SELL_TP,10.35,215.0556667196469,2225.826150548346,10903.114895981511
2024-08-23,AFRM,SELL_TP,31.46,72.02786242812346,4491.822702537111,10903.114895981511
2024-08-23,NTLA,BUY,23.63,95.04491541551229,2245.9113512685553,10903.114895981511
2024-08-23,GTLB,BUY,46.98,47.80569074645712,0.0,10903.114895981511
2024-08-26,PATH,SELL_TP,12.64,174.4992630702842,2205.6706852083926,10951.003689063014
2024-08-26,ARES,BUY,142.31,15.499056181634408,0.0,10951.003689063016
2024-09-04,ZBRA,SELL_MAX_DAYS,328.87,6.117721010641542,2011.934908769684,10856.078181194222
2024-09-04,UPS,SELL_MAX_DAYS,119.16,17.70919239922552,4122.162275061397,10856.078181194222
2024-09-04,GTLB,SELL_TP,54.35,47.80569074645712,6720.401567131341,10856.078181194222
2024-09-04,BMY,BUY,47.07,47.59154144275434,4480.267711420895,10856.078181194222
2024-09-04,BIIB,BUY,204.95,10.93014811276139,2240.1338557104477,10856.078181194222
2024-09-04,BK,BUY,65.87,34.00840831502121,9.094947017729282e-13,10856.078181194222
2024-09-05,NTLA,SELL_SL,20.93,95.04491541551229,1989.2900796466731,10793.486144372786
2024-09-05,O,BUY,58.41,34.05735455652582,0.0,10793.486144372786
2024-09-10,ARES,SELL_MAX_DAYS,135.65,15.499056181634408,2102.4469710387075,10742.074968565339
2024-09-16,BK,SELL_TP,68.58,34.00840831502121,4434.743613282862,10858.273182231836
2024-09-18,BMY,SELL_MAX_DAYS,46.86,47.59154144275434,6664.88324529033,10809.433834445179
2024-09-18,BIIB,SELL_MAX_DAYS,197.59,10.93014811276139,8824.571210890852,10809.433834445177
2024-09-19,O,SELL_MAX_DAYS,56.88,34.05735455652582,10761.753538066041,10761.753538066041
2024-09-19,LYB,BUY,88.54,24.309359697461126,8609.402830452833,10761.753538066041
2024-09-19,CVX,BUY,138.7,15.518029615091624,6457.052122839625,10761.753538066041
2024-09-19,DD,BUY,34.09,63.13730441810525,4304.701415226416,10761.753538066041
2024-09-19,KVYO,BUY,33.48,64.28765554400265,2152.350707613208,10761.753538066041
2024-09-19,DOW,BUY,49.16,43.78256118008967,0.0,10761.753538066041
2024-09-24,DD,SELL_TP,35.7,63.13730441810525,2254.0017677263577,10989.74115495104
2024-09-24,XOM,BUY,111.99,20.12681282012999,0.0,10989.741154951042
2024-09-26,KVYO,SELL_TP,35.22,64.28765554400265,2264.211228259773,10923.728786852616
2024-09-26,GLOB,BUY,198.01,11.434832726931837,0.0,10923.728786852615
2024-09-27,DOW,SELL_TP,51.19,43.78256118008967,2241.22930680879,11051.505188430321
2024-09-27,LRCX,BUY,81.84,27.385499838817083,0.0,11051.505188430321
2024-10-02,CVX,SELL_TP,144.4,15.518029615091624,2240.8034764192307,11212.481816835067
2024-10-03,LYB,SELL_MAX_DAYS,87.42,24.309359697461126,4365.927701171282,11170.733414985345
2024-10-03,XOM,SELL_TP,117.28,20.12681282012999,6726.400308716127,11170.733414985345
2024-10-03,NNE,BUY,16.89,132.74916733207277,4484.266872477418,11170.733414985345
2024-10-03,ILMN,BUY,136.36,16.442750339092907,2242.133436238709,11170.733414985345
2024-10-03,LHX,BUY,237.42,9.443742887030195,0.0,11170.733414985345
2024-10-04,NNE,SELL_TP,19.39,132.74916733207277,2574.0063545688913,11568.541965443621
2024-10-04,NOV,BUY,15.95,161.3797087504007,0.0,11568.541965443621
2024-10-08,GLOB,SELL_TP,212.29,11.434832726931837,2427.5006396003596,11637.662455702268
2024-10-08,FTNT,BUY,77.78,31.20983079969606,0.0,11637.662455702268
2024-10-10,ILMN,SELL_TP,143.76,16.442750339092907,2363.809788747996,11907.912554677416
2024-10-10,FTNT,SELL_TP,82.48,31.20983079969606,4937.996633106927,11907.912554677416
2024-10-10,HLT,BUY,235.41,10.488077467199625,2468.9983165534636,11907.912554677416
2024-10-10,JPM,BUY,208.43,11.845695516736859,0.0,11907.912554677416
2024-10-11,LRCX,SELL_MAX_DAYS,82.02,27.385499838817083,2246.158696779777,12128.973892322274
2024-10-11,JPM,SELL_TP,217.68,11.845695516736859,4824.729696863056,12128.973892322274
2024-10-11,BK,BUY,72.1,33.458597065624524,2412.364848431528,12128.973892322272
2024-10-11,AMAT,BUY,202.95,11.886498390891985,0.0,12128.973892322274
2024-10-14,AMAT,SELL_TP,211.69,11.886498390891985,2516.2528443679244,12293.535154904252
2024-10-14,UPS,BUY,124.38,20.23036536716453,0.0,12293.535154904252
2024-10-16,BK,SELL_TP,75.16,33.458597065624524,2514.7481554523392,12265.253721976875
2024-10-16,MANU,BUY,16.52,152.22446461575905,0.0,12265.253721976875
2024-10-17,LHX,SELL_MAX_DAYS,242.47,9.443742887030195,2289.8243378182115,12246.71817117507
2024-10-17,AAPL,BUY,230.85,9.919100445389697,0.0,12246.71817117507
2024-10-18,NOV,SELL_MAX_DAYS,14.86,161.3797087504007,2398.1024720309542,12265.289483042861
2024-10-18,BKNG,BUY,4319.83,0.5551381586847062,0.0,12265.289483042861
2024-10-24,HLT,SELL_MAX_DAYS,234.67,10.488077467199625,2461.237139227736,12119.134967555417
2024-10-24,CART,BUY,43.78,56.21829920575002,0.0,12119.134967555416
2024-10-28,UPS,SELL_MAX_DAYS,125.1,20.23036536716453,2530.8187074322827,12151.352061772386
2024-10-28,T,BUY,21.16,119.60390866882244,0.0,12151.352061772386
2024-10-30,MANU,SELL_MAX_DAYS,15.96,152.22446461575905,2429.5024552675145,12190.377138093423
2024-10-31,AAPL,SELL_MAX_DAYS,224.65,9.919100445389697,4657.8283703243105,12294.390389149543
2024-10-31,BKNG,SELL_TP,4642.95,0.5551381586847062,7235.307084189467,12294.390389149543
2024-11-05,CART,SELL_TP,45.59,56.21829920575002,9798.29934497961,12321.941817891764
2024-11-11,T,SELL_MAX_DAYS,21.35,119.60390866882244,12351.84279505897,12351.84279505897
2024-11-14,BRK-B,BUY,467.7,5.281951163163981,9881.474236047176,12351.842795058968
2024-11-14,PSX,BUY,123.97,19.9271481730402,7411.105677035382,12351.842795058968
2024-11-14,AFRM,BUY,53.21,46.42677239262909,4940.737118023588,12351.842795058968
2024-11-14,MSCI,BUY,596.96,4.13824805516583,2470.368559011794,12351.842795058968
2024-11-14,SNOW,BUY,129.27,19.110145888541762,0.0,12351.842795058968
2024-11-15,AFRM,SELL_TP,56.15,46.42677239262909,2606.8632698461233,12417.013085492083
2024-11-18,JPM,BUY,239.95,10.864193664705661,0.0,12482.074764880253
2024-11-21,SNOW,SELL_TP,171.35,19.110145888541762,3274.5234980016307,13271.493827243336
2024-11-21,CL,BUY,92.02,35.58491086722051,0.0,13271.493827243336
2024-11-26,PSX,SELL_TP,129.39,19.9271481730402,2578.3737021096713,13581.02333918674
2024-11-26,PYPL,BUY,86.94,29.65693239141559,0.0,13581.02333918674
2024-11-29,BRK-B,SELL_MAX_DAYS,483.02,5.281951163163981,2551.288050831466,13629.970280253252
2024-11-29,MSCI,SELL_MAX_DAYS,601.99,4.13824805516583,5042.471997560744,13629.970280253252
2024-11-29,SO,BUY,86.24,29.23511130311192,2521.235998780372,13629.970280253252
2024-11-29,MRK,BUY,98.01,25.724273020920027,0.0,13629.970280253252
2024-12-03,JPM,SELL_MAX_DAYS,239.74,10.864193664705661,2604.5817891765355,13383.542672750798
2024-12-03,ROKU,BUY,75.69,34.4111743846814,4.547473508864641e-13,13383.542672750797
2024-12-04,ROKU,SELL_TP,82.94,34.4111743846814,2854.062803465476,13740.520156713674
2024-12-04,TXG,BUY,15.99,178.49048176769705,0.0,13740.520156713672
2024-12-06,CL,SELL_MAX_DAYS,92.01,35.58491086722051,3274.1676488929593,13728.659892429769
2024-12-06,INSP,BUY,193.03,16.96196264255794,4.547473508864641e-13,13728.659892429769
2024-12-11,PYPL,SELL_TP,90.75,29.65693239141559,2691.3666145209654,13660.55713729939
2024-12-11,ILMN,BUY,147.64,18.229250978874056,0.0,13660.55713729939
2024-12-13,SO,SELL_MAX_DAYS,80.51,29.23511130311192,2353.7188110135407,13227.1309279348
2024-12-13,MRK,SELL_MAX_DAYS,98.36,25.724273020920027,4883.958305351234,13227.1309279348
2024-12-13,TXG,SELL_SL,14.2,178.49048176769705,7418.523146452532,13227.1309279348
2024-12-20,INSP,SELL_MAX_DAYS,187.77,16.96196264255794,10603.470871845637,13083.013589992086
2024-12-26,ILMN,SELL_MAX_DAYS,134.96,18.229250978874056,13063.69058395448,13063.69058395448
2025-01-23,INTC,BUY,21.57,121.12833179373649,10450.952467163585,13063.690583954482
2025-01-23,WSO,BUY,488.01,5.3538618405174,7838.214350372688,13063.690583954482
2025-01-23,OKTA,BUY,88.07,29.66660743489152,5225.476233581792,13063.690583954482
2025-01-23,TRU,BUY,95.61,27.3270381423585,2612.738116790896,13063.690583954482
2025-01-23,MDB,BUY,260.62,10.025086780718656,0.0,13063.690583954482
2025-01-28,OKTA,SELL_TP,94.93,29.66660743489152,2816.2510437942524,13290.941788638063
2025-01-28,MDB,SELL_TP,284.0,10.025086780718656,5663.375689518351,13290.941788638063
2025-01-28,TRV,BUY,245.41,11.538600076440142,2831.6878447591753,13290.941788638063
2025-01-28,TGT,BUY,135.1,20.959939635523135,0.0,13290.941788638063
2025-02-03,INTC,SELL_SL,19.38,121.12833179373649,2347.4670701626133,12951.438475682813
2025-02-03,CMG,BUY,58.36,40.22390456070276,0.0,12951.438475682813
2025-02-06,WSO,SELL_MAX_DAYS,463.75,5.3538618405174,2482.853428539944,12925.07667160319
2025-02-06,TRU,SELL_MAX_DAYS,95.52,27.3270381423585,5093.132111898029,12925.076671603192
2025-02-06,SHOP,BUY,118.58,21.475510675906683,2546.5660559490143,12925.07667160319
2025-02-06,MPWR,BUY,656.57,3.8785903345401316,0.0,12925.076671603192
2025-02-07,MPWR,SELL_TP,715.53,3.8785903345401316,2775.2477420735004,13031.835195386528
2025-02-07,UCB,BUY,33.29,83.36580781236108,0.0,13031.83519538653
2025-02-11,TRV,SELL_MAX_DAYS,239.4,11.538600076440142,2762.34085829977,13146.975221232406
2025-02-11,TGT,SELL_MAX_DAYS,126.85,20.959939635523135,5421.1092010658795,13146.975221232407
2025-02-11,SHOP,SELL_TP,123.59,21.475510675906683,8075.267565501186,13146.975221232406
2025-02-11,BKNG,BUY,4870.5,0.5526651997057924,5383.5117103341245,13146.975221232406
2025-02-11,ZS,BUY,209.24,12.864442052987297,2691.7558551670622,13146.975221232407
2025-02-11,ITW,BUY,253.98,10.598298508414294,0.0,13146.975221232406
2025-02-18,CMG,SELL_MAX_DAYS,54.49,40.22390456070276,2191.800559512694,13265.299982228646
2025-02-18,BKNG,SELL_TP,5113.72,0.5526651997057924,5017.975644552199,13265.299982228644
2025-02-18,DOW,BUY,37.51,66.88850499269793,2508.9878222760995,13265.299982228644
2025-02-18,GLOB,BUY,222.96,11.253084958181285,0.0,13265.299982228644
2025-02-21,GLOB,SELL_SL,151.72,11.253084958181285,1707.3180498552645,12100.848563179878
2025-02-24,UCB,SELL_MAX_DAYS,30.57,83.36580781236108,4255.810794679142,11978.995269202189
2025-02-26,ZS,SELL_MAX_DAYS,195.82,12.864442052987297,6774.925837495115,11948.555495796889
2025-02-26,ITW,SELL_MAX_DAYS,256.66,10.598298508414294,9495.085132664728,11948.555495796889
2025-03-04,DOW,SELL_MAX_DAYS,34.26,66.88850499269793,11786.685313714559,11786.685313714559
2025-04-28,DOW,BUY,28.81,81.82357038330134,9429.348250971647,11786.685313714559
2025-04-28,T,BUY,26.7,88.28977763082067,7072.011188228735,11786.685313714559
2025-04-28,CRM,BUY,264.76,8.903675263419368,4714.6741254858225,11786.685313714557
2025-04-28,SPGI,BUY,477.65,4.935281194897753,2357.337062742911,11786.685313714557
2025-04-28,INSP,BUY,158.11,14.909474813376198,0.0,11786.685313714557
2025-04-30,SPGI,SELL_TP,498.25,4.935281194897753,2459.003855357805,12007.499893150192
2025-04-30,BILL,BUY,45.57,53.961023817375576,0.0,12007.499893150192
2025-05-07,CRM,SELL_TP,277.31,8.903675263419368,2469.078187298825,11977.131795296566
2025-05-07,EBAY,BUY,69.26,35.64941073200729,0.0,11977.131795296566
2025-05-08,BILL,SELL_TP,47.57,53.961023817375576,2566.925902992556,12019.298990836554
2025-05-08,MANU,BUY,14.33,179.1295117231372,0.0,12019.298990836554
2025-05-12,DOW,SELL_MAX_DAYS,29.8,81.82357038330134,2438.34239742238,12172.055354580443
2025-05-12,T,SELL_MAX_DAYS,26.46,88.28977763082067,4774.489913533895,12172.055354580443
2025-05-12,INSP,SELL_MAX_DAYS,156.44,14.909474813376198,7106.928153338467,12172.055354580443
2025-05-12,CELH,BUY,37.32,63.47738614986127,4737.952102225645,12172.055354580443
2025-05-12,CHWY,BUY,39.48,60.00445924804515,2368.9760511128225,12172.055354580443
2025-05-12,XOM,BUY,106.24,22.298343854601114,0.0,12172.055354580443
2025-05-14,CELH,SELL_TP,38.94,63.47738614986127,2471.8094166755977,12316.387445329014
2025-05-14,HD,BUY,368.42,6.7092161573085,0.0,12316.387445329014
2025-05-15,CHWY,SELL_TP,41.47,60.00445924804515,2488.384925016432,12362.232021720618
2025-05-15,XYZ,BUY,57.01,43.64821829532419,0.0,12362.232021720618
2025-05-20,EBAY,SELL_TP,72.07,35.64941073200729,2569.2530314557653,12437.402088409213
2025-05-20,FTNT,BUY,104.79,24.518112715485877,0.0,12437.402088409213
2025-05-22,MANU,SELL_MAX_DAYS,13.29,179.1295117231372,2380.631210800493,12150.854675403025
2025-05-22,PG,BUY,162.77,14.62573699576392,0.0,12150.854675403025
2025-05-27,XOM,SELL_MAX_DAYS,101.68,22.298343854601114,2267.2956031358412,12423.875421550532
2025-05-27,XYZ,SELL_TP,62.15,43.64821829532419,4980.03237019024,12423.875421550532
2025-05-27,AZN,BUY,70.47,70.66882886604569,0.0,12423.875421550532
2025-05-29,HD,SELL_MAX_DAYS,363.95,6.7092161573085,2441.8192204524285,12348.848393078653
2025-05-29,PATH,BUY,12.94,94.35159275318503,1220.9096102262142,12348.848393078655
2025-05-29,WGS,BUY,69.98,17.446550589114235,0.0,12348.848393078655
2025-06-02,WGS,SELL_TP,74.13,17.446550589114235,1293.3127951710383,12452.276602574813
2025-06-02,ABBV,BUY,184.06,7.026582609861123,0.0,12452.276602574813
2025-06-04,FTNT,SELL_MAX_DAYS,101.62,24.518112715485877,2491.530614147675,12536.021722916179
2025-06-04,VRTX,BUY,445.85,5.588270974874228,0.0,12536.021722916179
2025-06-06,PG,SELL_MAX_DAYS,161.77,14.62573699576392,2366.0054738047293,12557.90314805818
2025-06-06,LKNCY,BUY,34.7,68.1845957868798,0.0,12557.90314805818
2025-06-10,AZN,SELL_TP,73.32,70.66882886604569,5181.438532458469,12672.976614514384
2025-06-10,PACB,BUY,1.16,4466.757355567646,0.0,12672.976614514384
2025-06-12,PATH,SELL_MAX_DAYS,12.66,94.35159275318503,1194.4911642553225,12824.482632818726
2025-06-12,MPWR,BUY,715.79,1.6687731936117054,0.0,12824.482632818725
2025-06-16,ABBV,SELL_MAX_DAYS,187.87,7.026582609861123,1320.0840749146091,13585.498734478955
2025-06-16,PACB,SELL_TP,1.38,4466.757355567646,7484.2092255979605,13585.498734478955
2025-06-16,NEE,BUY,73.21,51.11466483812294,3742.1046127989803,13585.498734478955
2025-06-16,PEG,BUY,80.52,46.474225196211876,0.0,13585.498734478955
2025-06-18,VRTX,SELL_MAX_DAYS,448.4,5.588270974874228,2505.7807051336035,13426.009727664468
2025-06-18,PANW,BUY,199.78,12.542700496213852,0.0,13426.009727664468
2025-06-23,LKNCY,SELL_MAX_DAYS,34.82,68.1845957868798,2374.1876252991547,13506.414873852424
2025-06-27,MPWR,SELL_MAX_DAYS,733.18,1.6687731936117054,3597.698755391385,13560.159165037061
2025-06-30,CRM,BUY,272.22,6.608072065592874,1798.8493776956927,13567.253534022493
2025-06-30,TTD,BUY,71.99,24.98748961933175,2.2737367544323206e-13,13567.253534022493
2025-07-01,NEE,SELL_MAX_DAYS,72.5,51.11466483812294,3705.8132007639133,13635.136454047606
2025-07-01,PEG,SELL_MAX_DAYS,82.22,46.474225196211876,7526.923996396454,13635.136454047606
2025-07-01,EXAS,BUY,54.6,68.92787542487595,3763.461998198227,13635.136454047606
2025-07-01,DIS,BUY,123.49,30.475844183320326,0.0,13635.136454047606
2025-07-03,PANW,SELL_MAX_DAYS,201.82,12.542700496213852,2531.3678141458795,13642.96404690373
2025-07-03,YETI,BUY,32.75,77.293673714378,0.0,13642.964046903728
2025-07-09,TTD,SELL_TP,75.63,24.98748961933175,1889.80383991006,13660.089074249929
2025-07-09,HSAI,BUY,22.46,84.14086553473108,0.0,13660.089074249929
2025-07-11,HSAI,SELL_TP,23.9,84.14086553473108,2010.9666862800725,13424.877656872417
2025-07-11,LSCC,BUY,53.72,37.434227220403436,0.0,13424.877656872417
2025-07-15,CRM,SELL_MAX_DAYS,257.13,6.608072065592874,1699.1335702258957,13466.309365077454
2025-07-15,KHC,BUY,26.73,63.566538354878254,0.0,13466.309365077454
2025-07-16,EXAS,SELL_MAX_DAYS,53.67,68.92787542487595,3699.359074053092,13632.855765281485
2025-07-16,DIS,SELL_MAX_DAYS,119.82,30.475844183320326,7350.974724098533,13632.855765281485
2025-07-16,SPR,BUY,40.5,90.75277437158684,3675.4873620492663,13632.855765281485
2025-07-16,NIO,BUY,4.11,894.2791635156365,0.0,13632.855765281483
2025-07-17,YETI,SELL_TP,35.1,77.293673714378,2713.0079473746678,14047.282547446932
2025-07-17,NIO,SELL_TP,4.4,894.2791635156365,6647.836266843468,14047.282547446932
2025-07-17,AVAV,BUY,278.56,11.93250335088216,3323.918133421734,14047.282547446932
2025-07-17,JNJ,BUY,161.79,20.54464511664339,0.0,14047.282547446932
2025-07-22,KHC,SELL_TP,28.36,63.566538354878254,1802.7470277443472,14012.37044646827
2025-07-22,LINE,BUY,43.06,41.8659319030271,0.0,14012.37044646827
2025-07-24,JNJ,SELL_TP,168.32,20.54464511664339,3458.0746660334153,14155.575955108532
2025-07-24,SYY,BUY,79.34,43.585513814386374,0.0,14155.575955108532
2025-07-25,LSCC,SELL_MAX_DAYS,53.79,37.434227220403436,2013.5870821855008,14267.59084132651
2025-07-25,AMGN,BUY,304.11,6.621245872169612,0.0,14267.59084132651
2025-07-30,SPR,SELL_MAX_DAYS,39.82,90.75277437158684,3613.775475476588,14056.18659291027
2025-07-30,GS,BUY,726.86,4.971762754143285,0.0,14056.18659291027
2025-07-31,AVAV,SELL_MAX_DAYS,267.64,11.93250335088216,3193.615196830101,13939.204179210938
2025-07-31,ADP,BUY,307.9,10.372248122215334,0.0,13939.204179210938
2025-08-05,LINE,SELL_MAX_DAYS,43.84,41.8659319030271,1835.4024546287083,13893.16298238247
2025-08-07,SYY,SELL_MAX_DAYS,79.85,43.585513814386374,5315.70573270746,13876.535605844852
2025-08-08,AMGN,SELL_MAX_DAYS,285.91,6.621245872169612,7208.786140019474,13931.226938946062
2025-08-13,GS,SELL_MAX_DAYS,740.72,4.971762754143285,10891.470247268488,14038.099160104954
2025-08-14,ADP,SELL_MAX_DAYS,300.12,10.372248122215334,14004.389353707753,14004.389353707753
2025-08-28,ASML,BUY,762.11,3.6751622085283624,11203.511482966202,14004.389353707753
2025-08-28,VRTX,BUY,392.05,7.144185360901799,8402.63361222465,14004.389353707751
2025-08-28,HLT,BUY,276.15,10.142595946918524,5601.7557414831,14004.38935370775
2025-08-28,CRC,BUY,49.68,56.378379040691435,2800.8778707415495,14004.389353707751
2025-08-28,LHX,BUY,274.68,10.196875894646677,0.0,14004.389353707751
2025-09-08,ASML,SELL_TP,794.84,3.6751622085283624,2921.1659298266836,14135.573578137008
2025-09-09,FTNT,BUY,79.84,36.5877496220777,0.0,14169.694171706311
2025-09-10,CRC,SELL_TP,52.82,56.378379040691435,2977.9059809293217,14230.758929054413
2025-09-12,VRTX,SELL_MAX_DAYS,394.53,7.144185360901799,5796.5014313659085,14333.42807949755
2025-09-12,HLT,SELL_MAX_DAYS,274.73,10.142595946918524,8582.976815862836,14333.42807949755
2025-09-12,LHX,SELL_MAX_DAYS,278.04,10.196875894646677,11418.116189610399,14333.42807949755
2025-09-17,SOFI,BUY,27.14,105.17793100230654,8563.587142207798,14355.746606767018
2025-09-17,OXY,BUY,47.19,60.49012603099385,5709.058094805198,14355.746606767018
2025-09-17,CRSP,BUY,59.07,48.32451409179956,2854.5290474025987,14355.746606767016
2025-09-17,META,BUY,775.2,3.682313012645251,0.0,14355.746606767018
2025-09-18,CRSP,SELL_TP,62.94,48.32451409179956,3041.544916937864,14697.323870352398
2025-09-18,KVYO,BUY,33.56,90.63006307919737,0.0,14697.323870352397
2025-09-19,FTNT,SELL_TP,84.21,36.5877496220777,3081.054395675163,15030.634248748276
2025-09-19,SOFI,SELL_TP,29.51,105.17793100230654,6184.855139553229,15030.634248748276
2025-09-19,KVYO,SELL_TP,35.23,90.63006307919737,9377.752261833351,15030.634248748276
2025-09-19,QCOM,BUY,166.85,18.734896137914998,6251.834841222234,15030.634248748276
2025-09-19,AXP,BUY,340.26,9.186849528628452,3125.917420611117,15030.634248748276
2025-09-19,AVAV,BUY,278.55,11.222105261572848,0.0,15030.634248748276
2025-09-23,AVAV,SELL_TP,298.61,11.222105261572848,3351.0328521582683,15245.863512476093
2025-09-23,CEG,BUY,336.26,9.965600583352966,0.0,15245.863512476091
2025-09-24,QCOM,SELL_TP,173.55,18.734896137914998,3251.441224735148,15384.596829044965
2025-09-24,INTU,BUY,693.52,4.688316450477489,0.0,15384.596829044964
2025-10-01,OXY,SELL_MAX_DAYS,47.72,60.49012603099385,2886.5888141990263,15211.705946873448
2025-10-01,META,SELL_MAX_DAYS,717.34,3.682313012645251,5528.059230689971,15211.70594687345
2025-10-01,CEG,SELL_TP,350.5,9.965600583352966,9021.002235155185,15211.70594687345
2025-10-01,SNPS,BUY,488.78,6.1520535722650855,6014.001490103457,15211.70594687345
2025-10-01,PAYS,BUY,6.1,492.95094181175875,3007.000745051729,15211.70594687345
2025-10-01,O,BUY,60.18,49.966778747951615,9.094947017729282e-13,15211.705946873448
2025-10-03,AXP,SELL_MAX_DAYS,329.41,9.186849528628452,3026.2401032254993,15223.871162077583
2025-10-03,PANW,BUY,207.19,14.606110831726914,0.0,15223.871162077583
2025-10-08,INTU,SELL_MAX_DAYS,656.6,4.688316450477489,3078.348581383519,14989.704132652601
2025-10-08,PANW,SELL_TP,217.79,14.606110831726914,6259.413459425324,14989.704132652601
2025-10-08,OKLO,BUY,134.77,23.222577203477492,3129.706729712662,14989.7041326526
2025-10-08,ENSG,BUY,176.35,17.747132008577612,0.0,14989.704132652601
2025-10-10,SNPS,SELL_SL,438.92,6.1520535722650855,2700.2593539385916,14764.336979872962
2025-10-10,PAYS,SELL_SL,5.35,492.95094181175875,5337.546892631501,14764.336979872962
2025-10-10,OKLO,SELL_TP,147.16,23.222577203477492,8754.981353895248,14764.33697987296
2025-10-10,MANU,BUY,15.96,274.2788644704025,4377.490676947624,14764.33697987296
2025-10-10,GILD,BUY,117.18,37.35697795654227,0.0,14764.33697987296
2025-10-13,MANU,SELL_TP,17.13,274.2788644704025,4698.396948377994,15176.84303506443
2025-10-15,O,SELL_MAX_DAYS,59.18,49.966778747951615,7655.43091468177,15232.686076547021
2025-10-17,GILD,SELL_TP,122.81,37.35697795654227,12243.241377524726,15473.929288366195
2025-10-20,ENSG,SELL_TP,185.4,17.747132008577612,15533.559651915015,15533.559651915015
